<?xml version="1.0" encoding="UTF-8"?>
<configuration>

  <appender name="STDOUT" class="ch.qos.logback.core.ConsoleAppender">

    <encoder class="ch.qos.logback.classic.encoder.PatternLayoutEncoder">
      <pattern>%d{HH:mm:ss.SSS} [%thread] %-5level %logger{36} - %msg%n</pattern>
    </encoder>

  </appender>

  <appender name="file" class="ch.qos.logback.core.rolling.RollingFileAppender">

    <File>logs/99taxis_zendesk-java-api.log</File>

    <rollingPolicy class="ch.qos.logback.core.rolling.TimeBasedRollingPolicy">
      <FileNamePattern>logs/99taxis_zendesk-java-api-%d{yyyy-MM-dd}.log.gz</FileNamePattern>
      <maxHistory>5</maxHistory>
    </rollingPolicy>

    <encoder>
      <Pattern>%d{HH:mm:ss.SSS} [%thread] %-5level %logger{36} - %msg%n</Pattern>
    </encoder>

  </appender>

  <logger name="com.taxis99" level="TRACE"/>

  <root level="WARN">
    <appender-ref ref="STDOUT"/>
    <appender-ref ref="file"/>
  </root>

</configuration>
